Station Na,Station Id,State Code,State Name,Network Co,Network Na,Elevation,Latitude,Longitude,County Nam,County Cod,Start Date,End Date,Aspect_tif,Slope_tif1,join_lat,join_lon,distance,Station_name
Adin Mtn,301,CA,CALIFORNIA,SNTL,SNOTEL,6190,41.23583,-120.79192,Modoc,49,10/1/1983,1/1/2100,356.22595,5.34263,41.2468725514469,-120.785448589041,0.0127991055256911,Adin_Mtn
Albro Lake,916,MT,MONTANA,SNTL,SNOTEL,8300,45.59723,-111.95902,Madison,57,9/1/1996,1/1/2100,113.61806,18.57167,45.6218384967846,-111.957464205479,0.0246576278378307,Albro_Lake
Aneroid Lake #2,302,OR,OREGON,SNTL,SNOTEL,7400,45.21328,-117.19258,Wallowa,63,10/1/1980,1/1/2100,243.40767,4.92824,45.2241143199357,-117.179652150685,0.0168674768824703,Aneroid_Lake_#2
Baker Butte,308,AZ,ARIZONA,SNTL,SNOTEL,7363,34.45654,-111.40651,Coconino,5,10/1/1965,1/1/2100,301.38187,2.95879,34.4287438054662,-111.397944068493,0.0290861412556446,Baker_Butte
Bald Mtn.,309,WY,WYOMING,SNTL,SNOTEL,9380,44.8007,-107.84442,Big Horn,3,10/1/1975,1/1/2100,353.00418,13.84888,44.8263901430868,-107.854316534247,0.027530434829881,Bald_Mtn
Baldy,310,AZ,ARIZONA,SNTL,SNOTEL,9221,33.97845,-109.50357,Apache,1,11/1/1949,1/1/2100,69.12751,7.36216,33.9742018890675,-109.532876945205,0.0296132315653688,Baldy
Banfield Mountain,311,MT,MONTANA,SNTL,SNOTEL,5600,48.5712,-115.44573,Lincoln,53,10/1/1968,1/1/2100,357.13345,6.72606,48.5763609533762,-115.438922835616,0.00854241925347594,Banfield_Mountain
Banner Summit,312,ID,IDAHO,SNTL,SNOTEL,7040,44.30342,-115.23447,Boise,15,10/1/1979,1/1/2100,33.21365,7.6427,44.3150304871383,-115.252416123288,0.0213744415753172,Banner_Summit
Barker Lakes,313,MT,MONTANA,SNTL,SNOTEL,8250,46.09713,-113.13038,Deer Lodge,23,8/1/1977,1/1/2100,126.20293,5.36516,46.0763804131833,-113.138673383562,0.0223455938379364,Barker_Lakes
Base Camp,314,WY,WYOMING,SNTL,SNOTEL,7060,43.94019,-110.44544,Teton,39,10/1/1979,1/1/2100,55.58833,5.80228,43.9173063102894,-110.465410506849,0.0303724282627651,Base_Camp
Basin Creek,315,MT,MONTANA,SNTL,SNOTEL,7180,45.79737,-112.52047,Silver Bow,93,10/1/1976,1/1/2100,336.40356,6.9512,45.7922917154341,-112.516984342466,0.00615944661285684,Basin_Creek
Beagle Springs,318,MT,MONTANA,SNTL,SNOTEL,8850,44.47147,-112.98191,Beaverhead,1,10/1/1976,1/1/2100,94.1339,13.17253,44.4854837057878,-112.952166671233,0.032879318059364,Beagle_Springs
Bear Basin,319,ID,IDAHO,SNTL,SNOTEL,5350,44.95222,-116.14293,Adams,3,10/1/1979,1/1/2100,254.45667,1.79988,44.9400256221865,-116.122780780822,0.0235519401269124,Bear_Basin
Bear Canyon,320,ID,IDAHO,SNTL,SNOTEL,7900,43.74367,-113.93797,Custer,37,10/1/1979,1/1/2100,332.19244,6.31574,43.7468530916399,-113.946869136986,0.00945128094405038,Bear_Canyon
Bear Creek,321,NV,NEVADA,SNTL,SNOTEL,8040,41.83384,-115.45278,Elko,7,3/1/1976,1/1/2100,258.99774,7.15686,41.8150499469453,-115.438922835616,0.0233471004316139,Bear_Creek
Bear Mountain,323,ID,IDAHO,SNTL,SNOTEL,5400,48.30577,-116.07448,Bonner,17,10/1/1979,1/1/2100,331.08267,8.98403,48.292272255627,-116.060611876712,0.0193523628193028,Bear_Mountain
Bear Saddle,324,ID,IDAHO,SNTL,SNOTEL,6180,44.60533,-116.98097,Washington,87,10/1/1979,1/1/2100,230.06487,10.98431,44.5991191848875,-116.993145438356,0.0136680475387802,Bear_Saddle
Beartooth Lake,326,WY,WYOMING,SNTL,SNOTEL,9360,44.94307,-109.56743,Park,29,10/1/1979,1/1/2100,2.32562,9.6589,44.9400256221865,-109.595045849315,0.0277831490234633,Beartooth_Lake
Beartown,327,CO,COLORADO,SNTL,SNOTEL,11600,37.71433,-107.5124,San Juan,111,10/1/1979,1/1/2100,131.49446,23.19411,37.7241726993569,-107.543472013699,0.0325936921188959,Beartown
Beaver Creek,328,MT,MONTANA,SNTL,SNOTEL,7850,44.94966,-111.35852,Gallatin,31,10/1/1966,1/1/2100,233.93858,6.47725,44.9400256221865,-111.335775164384,0.0247011899116596,Beaver_Creek
Ben Lomond Peak,332,UT,UTAH,SNTL,SNOTEL,7689,41.37603,-111.94405,Weber,57,10/1/1978,1/1/2100,14.82669,19.59668,41.3605080305466,-111.957464205479,0.0205151759520862,Ben_Lomond_Peak
Berry Creek,334,NV,NEVADA,SNTL,SNOTEL,9377,39.31917,-114.62278,White Pine,33,10/1/1980,1/1/2100,19.26669,20.50935,39.3150694067524,-114.630727082192,0.0089426495150208,Berry_Creek
Big Bend,336,NV,NEVADA,SNTL,SNOTEL,6898,41.76168,-115.6931,Elko,7,10/1/1978,1/1/2100,69.2494,3.62995,41.7582322073955,-115.687598452055,0.00649263456809183,Big_Bend
Big Creek Sum,337,NV,NEVADA,SNTL,SNOTEL,8685,39.29148,-117.11506,Lander,15,10/1/1980,1/1/2100,4.40857,50.86428,39.3150694067524,-117.117483246575,0.0237135453885212,Big_Creek_Sum
Big Creek Summit,338,ID,IDAHO,SNTL,SNOTEL,6560,44.62621,-115.79561,Valley,85,10/1/1979,1/1/2100,88.64811,9.31539,44.5991191848875,-115.811936260274,0.0316300337969167,Big_Creek_Summit
Big Goose,931,WY,WYOMING,SNTL,SNOTEL,7990,44.57924,-107.20068,Sheridan,33,7/22/1998,1/1/2100,318.13855,2.28555,44.5991191848875,-107.170458589041,0.0361734111212124,Big_Goose
Big Meadow,340,NV,NEVADA,SNTL,SNOTEL,8235,39.455,-119.9422,Washoe,31,10/1/1983,1/1/2100,58.35698,7.61433,39.4287048858521,-119.915083931507,0.0377718704668987,Big_Meadow
Big Sandy Opening,342,WY,WYOMING,SNTL,SNOTEL,9080,42.6458,-109.25965,Sublette,35,3/1/1963,1/1/2100,318.75986,5.67791,42.6673160401929,-109.284201328767,0.0326451792736382,Big_Sandy_Opening
Bison Lake,345,CO,COLORADO,SNTL,SNOTEL,10964,39.76458,-107.35628,Garfield,45,9/30/1985,1/1/2100,15.93814,8.69195,39.7696113231511,-107.35696530137,0.00507778008764936,Bison_Lake
Bisson Creek,346,MT,MONTANA,SNTL,SNOTEL,4920,47.68389,-113.99901,Lake,47,10/1/1988,1/1/2100,358.61353,8.6066,47.6672771205788,-114.009038041096,0.019404880079155,Bisson_Creek
Black Bear,347,MT,MONTANA,SNTL,SNOTEL,8170,44.50832,-111.12803,Gallatin,31,10/1/1967,1/1/2100,68.02431,3.28101,44.4854837057878,-111.149268452055,0.0311860253805876,Black_Bear
Black Pine,349,MT,MONTANA,SNTL,SNOTEL,7210,46.414,-113.43095,Granite,39,10/1/1965,1/1/2100,153.49783,16.00959,46.4172868504823,-113.44951790411,0.0188565757530666,Black_Pine
Blackwater,350,WY,WYOMING,SNTL,SNOTEL,9780,44.37667,-109.79333,Park,29,10/1/1979,1/1/2100,31.40434,29.15176,44.3718482266881,-109.781552561644,0.0127262544411347,Blackwater
Blewett Pass,352,WA,WASHINGTON,SNTL,SNOTEL,4240,47.35037,-120.6796,Chelan,7,10/1/1979,1/1/2100,297.7771,23.36463,47.3263706832797,-120.661110780822,0.0302955182964931,Blewett_Pass
Blind Bull Sum,353,WY,WYOMING,SNTL,SNOTEL,8650,42.964,-110.60973,Sublette,35,10/1/1978,1/1/2100,314.91806,15.07526,42.9514047379421,-110.589748315068,0.0236200838065643,Blind_Bull_Sum
Blind Park,354,SD,SOUTH DAKOTA,SNTL,SNOTEL,6890,44.10772,-103.97688,Pennington,103,10/1/1989,1/1/2100,94.5297,1.53397,44.0877595289389,-104.124182287671,0.148648526256045,Blind_Park
Blue Mountain Spring,357,OR,OREGON,SNTL,SNOTEL,5870,44.24767,-118.51722,Grant,23,10/1/1978,1/1/2100,147.57906,4.5703,44.2582127475884,-118.547368041096,0.031938282806669,Blue_Mountain_Spring
Bogus Basin,978,ID,IDAHO,SNTL,SNOTEL,6340,43.76377,-116.09685,Boise,15,9/21/1999,1/1/2100,4.32225,34.15029,43.7468530916399,-116.122780780822,0.0309610591308243,Bogus_Basin
Bostetter R.S.,359,ID,IDAHO,SNTL,SNOTEL,7500,42.16442,-114.19272,Cassia,31,10/1/1979,1/1/2100,110.54591,5.5044,42.1559563842444,-114.195544753425,0.00892255700853396,Bostetter_R_S
Boulder Mountain,360,MT,MONTANA,SNTL,SNOTEL,7950,46.5596,-111.28973,Meagher,59,10/1/1976,1/1/2100,87.67329,6.19001,46.5877400691318,-111.273606260274,0.0324320593471081,Boulder_Mountain
Bourne,361,OR,OREGON,SNTL,SNOTEL,5850,44.83052,-118.18787,Baker,1,10/1/1978,1/1/2100,193.73647,32.09556,44.8263901430868,-118.174354616438,0.0141322790430894,Bourne
Bowman Springs,362,OR,OREGON,SNTL,SNOTEL,4530,45.36428,-118.46715,Umatilla,59,10/1/1978,1/1/2100,191.89655,10.00298,45.3377497990354,-118.485199136986,0.0320877376759606,Bowman_Springs
Box Canyon,363,MT,MONTANA,SNTL,SNOTEL,6670,45.2719,-110.24903,Park,67,10/1/1976,1/1/2100,2.13858,8.92905,45.2809320594855,-110.278903794521,0.0312093206852091,Box_Canyon
Brackett Creek,365,MT,MONTANA,SNTL,SNOTEL,7320,45.89107,-110.93851,Gallatin,31,8/1/1992,1/1/2100,81.25185,20.96961,45.9059271945338,-110.962761739726,0.0284408704007716,Brackett_Creek
Brown Duck,368,UT,UTAH,SNTL,SNOTEL,10574,40.58102,-110.58587,Duchesne,13,10/1/1978,1/1/2100,323.4765,4.65583,40.5650596768489,-110.589748315068,0.0164247752756116,Brown_Duck
Brundage Reservoir,370,ID,IDAHO,SNTL,SNOTEL,6250,45.04315,-116.13253,Adams,3,10/1/1985,1/1/2100,194.74269,7.88043,45.0536611012862,-116.122780780822,0.0143363358229935,Brundage_Reservoir
Buck Flat,371,UT,UTAH,SNTL,SNOTEL,9409,39.134,-111.43722,Sanpete,39,10/1/1978,1/1/2100,40.14285,3.16243,39.1446161881029,-111.460112972603,0.0252347309166955,Buck_Flat
Buckskin Lower,373,NV,NEVADA,SNTL,SNOTEL,6930,41.75067,-117.53182,Humboldt,13,10/1/1980,1/1/2100,352.32742,3.41825,41.7582322073955,-117.552665575342,0.0221748729879547,Buckskin_Lower
Bug Lake,374,UT,UTAH,SNTL,SNOTEL,7987,41.68541,-111.41987,Rich,33,10/1/1978,1/1/2100,18.48696,11.79138,41.7014144678457,-111.397944068493,0.027145708012019,Bug_Lake
Bumping Ridge,375,WA,WASHINGTON,SNTL,SNOTEL,4610,46.81003,-121.33058,Yakima,77,10/1/1978,1/1/2100,6.58827,2.58754,46.8150110273312,-121.344968726027,0.0152264923719975,Bumping_Ridge
Bunchgrass Mdw,376,WA,WASHINGTON,SNTL,SNOTEL,5000,48.68688,-117.17633,Pend Oreille,51,10/1/1979,1/1/2100,11.9759,5.09022,48.6899964324759,-117.179652150685,0.00455508908263483,Bunchgrass_Mdw
Burgess Junction,377,WY,WYOMING,SNTL,SNOTEL,7880,44.78765,-107.52917,Sheridan,33,10/1/1979,1/1/2100,359.94104,6.82964,44.769572403537,-107.543472013699,0.0230509672188775,Burgess_Junction
Camas Creek Divide,382,ID,IDAHO,SNTL,SNOTEL,5710,43.26548,-115.3453,Elmore,39,10/1/1991,1/1/2100,49.27742,4.32104,43.2923111752412,-115.314585027397,0.0407838387946371,Camas_Creek_Divide
Canyon,384,WY,WYOMING,SNTL,SNOTEL,7870,44.71961,-110.51084,Park,29,10/1/1960,1/1/2100,9.91329,6.23092,44.7127546639871,-110.527579410959,0.0180887675396716,Canyon
Carrot Basin,385,MT,MONTANA,SNTL,SNOTEL,9000,44.96192,-111.29403,Gallatin,31,10/1/1966,1/1/2100,142.78101,8.75276,44.9400256221865,-111.273606260274,0.0299414916835486,Carrot_Basin
Cascade #2,387,CO,COLORADO,SNTL,SNOTEL,9012,37.65751,-107.80287,San Juan,111,9/30/1990,1/1/2100,235.27156,5.75313,37.6673549598071,-107.792147630137,0.0145565259963498,Cascade_#2
Cascade Summit,388,OR,OREGON,SNTL,SNOTEL,5100,43.59042,-122.0601,Deschutes,17,10/1/1979,1/1/2100,27.46285,21.96933,43.5763998729904,-122.090995575342,0.0339278725692992,Cascade_Summit
Cedar Pass,391,CA,CALIFORNIA,SNTL,SNOTEL,7030,41.58233,-120.3025,Modoc,49,10/1/1977,1/1/2100,296.32098,2.97196,41.587778988746,-120.288097356164,0.0153989489193432,Cedar_Pass
Chalk Creek #1,392,UT,UTAH,SNTL,SNOTEL,9171,40.85464,-111.04765,Summit,43,10/1/1978,1/1/2100,5.04417,7.14145,40.8491483745981,-111.024930643836,0.0233736410099424,Chalk_Creek_#1
Chemult Alternate,395,OR,OREGON,SNTL,SNOTEL,4850,43.22625,-121.80662,Klamath,35,10/1/1979,1/1/2100,185.92819,2.42596,43.2354934356913,-121.780151054795,0.0280365148269959,Chemult_Alternate
Chocolate Gulch,895,ID,IDAHO,SNTL,SNOTEL,6310,43.7685,-114.41812,Blaine,13,10/1/1992,1/1/2100,11.44961,25.06482,43.7468530916399,-114.444220369863,0.0339089656069932,Chocolate_Gulch
Clackamas Lake,398,OR,OREGON,SNTL,SNOTEL,3400,45.09658,-121.75443,Clackamas,5,10/1/1979,1/1/2100,84.62793,8.22271,45.110478840836,-121.780151054795,0.0292361152746361,Clackamas_Lake
Clear Lake,401,OR,OREGON,SNTL,SNOTEL,3810,45.18832,-121.6916,Wasco,65,10/1/1979,1/1/2100,269.81427,2.03055,45.1672965803859,-121.717982150685,0.0337342859274787,Clear_Lake
Cloud Peak Reservoir,402,WY,WYOMING,SNTL,SNOTEL,9860,44.40343,-107.06057,Johnson,19,10/1/1978,1/1/2100,41.67323,2.64603,44.4286659662379,-107.046120780822,0.0290797855359093,Cloud_Peak_Reservoir
Clover Meadow,403,MT,MONTANA,SNTL,SNOTEL,8600,45.01788,-111.8456,Madison,57,10/1/1971,1/1/2100,17.71496,4.05003,44.9968433617363,-111.83312639726,0.0244567151259717,Clover_Meadow
Cold Springs,405,WY,WYOMING,SNTL,SNOTEL,9630,43.27676,-109.44585,Fremont,13,10/1/1980,1/1/2100,75.29892,8.56078,43.2923111752412,-109.470708041096,0.0293216858061305,Cold_Springs
Cole Creek,407,MT,MONTANA,SNTL,SNOTEL,7850,45.19405,-109.34548,Carbon,9,10/1/1960,1/1/2100,332.56747,9.07791,45.1672965803859,-109.346370232877,0.026768226979447,Cole_Creek
Columbine,408,CO,COLORADO,SNTL,SNOTEL,9167,40.39591,-106.60437,Jackson,57,10/1/1978,1/1/2100,127.1256,6.32526,40.3946064581994,-106.610938452055,0.00669655012858488,Columbine
Columbine Pass,409,CO,COLORADO,SNTL,SNOTEL,9171,38.41819,-108.38313,Montrose,85,10/1/1985,1/1/2100,119.22371,4.17579,38.405985573955,-108.413836671233,0.033043118395512,Columbine_Pass
Columbus Basin,904,CO,COLORADO,SNTL,SNOTEL,10781,37.44146,-108.02468,La Plata,67,8/30/1994,1/1/2100,1.9872,21.31006,37.4400840016077,-108.040823246575,0.0162017832832315,Columbus_Basin
Combination,410,MT,MONTANA,SNTL,SNOTEL,5600,46.46523,-113.39358,Granite,39,10/1/1965,1/1/2100,93.42301,13.38994,46.4741045900322,-113.387349,0.0108436022261798,Combination
Copper Bottom,413,MT,MONTANA,SNTL,SNOTEL,5200,47.05678,-112.595,Lewis and Clark,49,10/1/1978,1/1/2100,253.16808,9.80667,47.0422819855305,-112.579153246575,0.0214781753803832,Copper_Bottom
Copper Camp,414,MT,MONTANA,SNTL,SNOTEL,6950,47.08158,-112.72955,Lewis and Clark,49,10/1/1978,1/1/2100,153.80431,10.79403,47.0990997250804,-112.703491054795,0.0314007864884041,Copper_Camp
Copper Mountain,415,CO,COLORADO,SNTL,SNOTEL,10523,39.48917,-106.17154,Summit,117,10/1/1978,1/1/2100,328.17432,20.35838,39.4855226254019,-106.175756123288,0.00557485758011173,Copper_Mountain
Corral Canyon,417,NV,NEVADA,SNTL,SNOTEL,8445,40.27551,-115.54017,Elko,7,10/1/1978,1/1/2100,15.17028,29.15965,40.2809709790997,-115.563260643836,0.0237276236797611,Corral_Canyon
Cottonwood Creek,419,WY,WYOMING,SNTL,SNOTEL,7670,42.6459,-110.81482,Lincoln,23,10/1/1980,1/1/2100,322.71655,18.50983,42.6673160401929,-110.838423931507,0.0318714976135588,Cottonwood_Creek
Cougar Mountain,420,WA,WASHINGTON,SNTL,SNOTEL,3200,47.27666,-121.67138,King,33,10/1/1979,1/1/2100,357.13293,5.92491,47.2695529437299,-121.655813246575,0.0171123949528203,Cougar_Mountain
County Line,422,OR,OREGON,SNTL,SNOTEL,4830,45.19107,-118.55015,Umatilla,59,10/1/1979,1/1/2100,259.6716,3.59546,45.1672965803859,-118.547368041096,0.0239356381885206,County_Line
Cozy Cove,423,ID,IDAHO,SNTL,SNOTEL,5400,44.28846,-115.65508,Valley,85,10/1/1978,1/1/2100,300.73907,12.02883,44.3150304871383,-115.625429547945,0.0398138178756087,Cozy_Cove
Crab Creek,424,ID,IDAHO,SNTL,SNOTEL,6900,44.437,-111.99384,Clark,33,10/1/1979,1/1/2100,48.17824,20.46237,44.4286659662379,-112.019633109589,0.0271060993323892,Crab_Creek
Crater Meadows,425,ID,IDAHO,SNTL,SNOTEL,5960,46.56394,-115.28903,Clearwater,35,10/1/1983,1/1/2100,127.40081,12.06378,46.5877400691318,-115.314585027397,0.0349213790669823,Crater_Meadows
Crosho,426,CO,COLORADO,SNTL,SNOTEL,8973,40.16749,-107.05769,Rio Blanco,103,10/1/1985,1/1/2100,225.05992,2.00778,40.1673355,-107.046120780822,0.0115702507595385,Crosho
Crystal Lake,427,MT,MONTANA,SNTL,SNOTEL,6050,46.78942,-109.51205,Fergus,27,9/1/1967,1/1/2100,358.90332,16.29997,46.8150110273312,-109.532876945205,0.0329948833372465,Crystal_Lake
Css Lab,428,CA,CALIFORNIA,SNTL,SNOTEL,6894,39.32565,-120.36807,Nevada,57,10/1/1980,1/1/2100,266.56049,10.01719,39.3150694067524,-120.350266260274,0.0207104346092151,Css_Lab
Daisy Peak,919,MT,MONTANA,SNTL,SNOTEL,7600,46.66858,-110.33022,Meagher,59,9/1/1977,1/1/2100,185.60078,11.32584,46.6445578086817,-110.34107269863,0.0263599458134266,Daisy_Peak
Daly Lake,434,OR,OREGON,SNTL,SNOTEL,3690,44.52147,-122.08718,Linn,43,10/1/1978,1/1/2100,10.76688,22.1901,44.5423014453376,-122.090995575342,0.0211780010870686,Daly_Lake
Darkhorse Lake,436,MT,MONTANA,SNTL,SNOTEL,8945,45.17367,-113.58448,Beaverhead,1,8/1/1977,1/1/2100,169.84395,10.94613,45.1672965803859,-113.573855712329,0.0123893488970729,Darkhorse_Lake
Deadman Creek,437,MT,MONTANA,SNTL,SNOTEL,6450,46.79279,-110.67545,Meagher,59,10/1/1966,1/1/2100,126.44042,7.96883,46.8150110273312,-110.651917219178,0.0323661216223113,Deadman_Creek
Deadman Hill,438,CO,COLORADO,SNTL,SNOTEL,10239,40.80572,-105.77018,Larimer,69,10/1/1978,1/1/2100,40.815,6.88769,40.7923306350482,-105.740573794521,0.0324931146041301,Deadman_Hill
Deadwood Summit,439,ID,IDAHO,SNTL,SNOTEL,6860,44.54514,-115.5638,Valley,85,10/1/1978,1/1/2100,136.27478,8.92157,44.5423014453376,-115.563260643836,0.00288934207789524,Deadwood_Summit
Deer Park,923,WY,WYOMING,SNTL,SNOTEL,9700,42.59076,-108.90273,Fremont,13,8/14/1997,1/1/2100,40.85962,10.67435,42.6104983006431,-108.91118790411,0.0214740926283532,Deer_Park
Derr.,440,OR,OREGON,SNTL,SNOTEL,5850,44.4465,-119.93012,Wheeler,69,10/1/1979,1/1/2100,157.33353,4.15612,44.4286659662379,-119.915083931507,0.0233267253585667,Derr
Diamond Lake,442,OR,OREGON,SNTL,SNOTEL,5280,43.18787,-122.14003,Douglas,19,10/1/1979,1/1/2100,13.21276,5.63887,43.1786756961415,-122.153164479452,0.0160327718725615,Diamond_Lake
Disaster Peak,445,NV,NEVADA,SNTL,SNOTEL,6260,41.96737,-118.18934,Humboldt,13,10/1/1980,1/1/2100,126.18996,8.58159,41.9855031655949,-118.174354616438,0.0235238903031024,Disaster_Peak
Dismal Swamp,446,CA,CALIFORNIA,SNTL,SNOTEL,7360,41.99127,-120.18033,Modoc,49,10/1/1979,1/1/2100,139.65213,11.53876,41.9855031655949,-120.163759547945,0.0175452631887542,Dismal_Swamp
Divide,448,MT,MONTANA,SNTL,SNOTEL,7800,44.79317,-112.05645,Madison,57,1/1/1971,1/1/2100,33.25953,9.64435,44.769572403537,-112.081802013699,0.0346348257888712,Divide
Dome Lake,451,WY,WYOMING,SNTL,SNOTEL,8880,44.57462,-107.29537,Sheridan,33,10/1/1978,1/1/2100,30.93358,7.34804,44.5991191848875,-107.29479639726,0.0245058988869018,Dome_Lake
Dorsey Basin,453,NV,NEVADA,SNTL,SNOTEL,7903,40.89343,-115.21104,Elko,7,10/1/1978,1/1/2100,191.53075,4.62364,40.9059661141479,-115.190247219178,0.024279495304486,Dorsey_Basin
Dry Bread Pond,455,UT,UTAH,SNTL,SNOTEL,8302,41.41289,-111.5377,Cache,5,10/1/1978,1/1/2100,188.72716,15.73786,41.4173257700965,-111.522281876712,0.0160435214985048,Dry_Bread_Pond
Dry Lake,457,CO,COLORADO,SNTL,SNOTEL,8271,40.5337,-106.7814,Routt,107,10/1/1979,1/1/2100,184.14761,17.18655,40.508241937299,-106.797445164384,0.0300925282520064,Dry_Lake
Dupuyer Creek,458,MT,MONTANA,SNTL,SNOTEL,5750,48.06341,-112.7573,Teton,99,10/1/1982,1/1/2100,346.84253,14.51475,48.0650012974276,-112.765659958904,0.00851006112666507,Dupuyer_Creek
East Rim Divide,460,WY,WYOMING,SNTL,SNOTEL,7930,43.13097,-110.2023,Sublette,35,10/1/1984,1/1/2100,358.83389,12.49404,43.1218579565916,-110.216734890411,0.0170703074446376,East_Rim_Divide
Ebbetts Pass,462,CA,CALIFORNIA,SNTL,SNOTEL,8661,38.5497,-119.80468,Alpine,3,10/1/1978,1/1/2100,280.01108,10.57064,38.5764387926045,-119.790746123288,0.030151549714262,Ebbetts_Pass
Echo Lake,936,CO,COLORADO,SNTL,SNOTEL,10694,39.65539,-105.59358,Clear Creek,19,8/10/1998,1/1/2100,33.1328,13.32182,39.6559758440514,-105.616235986301,0.0226635594848611,Echo_Lake
Echo Peak,463,CA,CALIFORNIA,SNTL,SNOTEL,7653,38.849,-120.0795,El Dorado,17,10/1/1980,1/1/2100,143.99179,19.59531,38.8605274903537,-120.101590643836,0.0249174553063519,Echo_Peak
Eilertson Meadows,464,OR,OREGON,SNTL,SNOTEL,5510,44.86887,-118.11387,Baker,1,10/1/1979,1/1/2100,298.84637,5.48872,44.8832078826367,-118.112185712329,0.0144364712953816,Eilertson_Meadows
Elk Butte,466,ID,IDAHO,SNTL,SNOTEL,5690,46.83998,-116.12233,Clearwater,35,10/1/1982,1/1/2100,210.42613,17.0355,46.8150110273312,-116.122780780822,0.0249730414544263,Elk_Butte
Elk River,467,CO,COLORADO,SNTL,SNOTEL,8739,40.84758,-106.96861,Routt,107,10/1/1978,1/1/2100,280.95752,18.20327,40.8491483745981,-106.983951876712,0.0154218345188301,Elk_River
Elkhart Park G.S.,468,WY,WYOMING,SNTL,SNOTEL,9400,43.00657,-109.75893,Sublette,35,10/1/1963,1/1/2100,313.104,10.33553,43.008222477492,-109.781552561644,0.0226828344171993,Elkhart_Park_G_S
Emery Creek,469,MT,MONTANA,SNTL,SNOTEL,4350,48.43412,-113.93725,Flathead,29,10/1/1975,1/1/2100,219.44762,4.17145,48.4059077347267,-113.946869136986,0.0298070412521284,Emery_Creek
Emigrant Springs,470,OR,OREGON,SNTL,SNOTEL,3800,45.55808,-118.45383,Umatilla,59,10/1/1979,1/1/2100,161.4482,11.32557,45.5650207572347,-118.423030232877,0.0315721359084571,Emigrant_Springs
Emigrant Summit,471,ID,IDAHO,SNTL,SNOTEL,7390,42.36055,-111.56085,Bear Lake,7,10/1/1979,1/1/2100,320.16675,6.84984,42.3832273424437,-111.584450780822,0.032730088843702,Emigrant_Summit
Evening Star,472,WY,WYOMING,SNTL,SNOTEL,9200,44.65258,-109.78422,Park,29,10/1/1979,1/1/2100,0.93492,12.56865,44.6559369244373,-109.781552561644,0.00428767641745354,Evening_Star
Fish Lk.,479,OR,OREGON,SNTL,SNOTEL,4660,42.3801,-122.34943,Jackson,29,10/1/1979,1/1/2100,178.5493,3.01226,42.3832273424437,-122.339671191781,0.0102476635686142,Fish_Lk
Fisher Creek,480,MT,MONTANA,SNTL,SNOTEL,9100,45.06235,-109.94488,Park,67,10/1/1966,1/1/2100,52.74408,9.31986,45.0536611012862,-109.968059273973,0.0247543067520391,Fisher_Creek
Fourmile Lake,483,OR,OREGON,SNTL,SNOTEL,5970,42.43933,-122.2288,Klamath,35,10/1/1978,1/1/2100,72.43899,5.99407,42.4400450819936,-122.215333383562,0.0134855886243812,Fourmile_Lake
Franklin Basin,484,ID,IDAHO,SNTL,SNOTEL,8140,42.0505,-111.6012,Franklin,41,10/1/1978,1/1/2100,281.14526,7.53774,42.0423209051447,-111.584450780822,0.0186395798162142,Franklin_Basin
Frohner Meadow,487,MT,MONTANA,SNTL,SNOTEL,6480,46.43545,-112.19277,Jefferson,43,10/1/1967,1/1/2100,119.53141,2.05281,46.4172868504823,-112.206139821918,0.022553317683251,Frohner_Meadow
Galena,489,ID,IDAHO,SNTL,SNOTEL,7470,43.87722,-114.6725,Blaine,13,10/1/1979,1/1/2100,35.44619,11.14059,43.8604885707395,-114.692895986301,0.0263806175494371,Galena
Galena Summit,490,ID,IDAHO,SNTL,SNOTEL,8780,43.87497,-114.71363,Blaine,13,10/1/1978,1/1/2100,66.69633,9.12791,43.8604885707395,-114.692895986301,0.0252905341481174,Galena_Summit
Gallegos Peak,491,NM,NEW MEXICO,SNTL,SNOTEL,9480,36.19418,-105.55742,Taos,55,10/1/1979,1/1/2100,3.34569,6.79738,36.1900937315113,-105.554067082192,0.00528579681683949,Gallegos_Peak
Garfield R.S.,492,ID,IDAHO,SNTL,SNOTEL,6560,43.6104,-113.9308,Blaine,13,10/1/1979,1/1/2100,242.20361,18.98003,43.6332176125402,-113.946869136986,0.0279080741992221,Garfield_R_S
Garver Creek,918,MT,MONTANA,SNTL,SNOTEL,4250,48.97523,-115.81915,Lincoln,53,10/1/1968,1/1/2100,97.75777,1.67581,48.9740851302251,-115.811936260274,0.00730402407142328,Garver_Creek
Gerber Reservoir,945,OR,OREGON,SNTL,SNOTEL,4890,42.2062,-121.1334,Klamath,35,10/1/1998,1/1/2100,47.55276,5.26086,42.2127741237942,-121.158462013699,0.0259099138229025,Gerber_Reservoir
Giveout,493,ID,IDAHO,SNTL,SNOTEL,6930,42.4132,-111.1663,Bear Lake,7,10/1/1979,1/1/2100,77.30629,12.7754,42.4400450819936,-111.149268452055,0.0317920124032158,Giveout
Gold Center,494,OR,OREGON,SNTL,SNOTEL,5410,44.7638,-118.3117,Grant,23,10/1/1979,1/1/2100,214.2847,15.77933,44.769572403537,-118.298692424658,0.0142308699267386,Gold_Center
Granite Creek,497,WY,WYOMING,SNTL,SNOTEL,6770,43.34298,-110.43495,Teton,39,10/1/1987,1/1/2100,285.09396,4.333,43.349128914791,-110.465410506849,0.0310749357296969,Granite_Creek
Granite Peak,498,NV,NEVADA,SNTL,SNOTEL,8503,41.67032,-117.56668,Humboldt,13,10/1/1980,1/1/2100,80.79314,12.99188,41.6445967282958,-117.552665575342,0.0292931870178475,Granite_Peak
Grassy Lake,499,WY,WYOMING,SNTL,SNOTEL,7265,44.12612,-110.83435,Teton,39,9/1/1962,1/1/2100,167.05688,7.03134,44.1445772684887,-110.838423931507,0.0189015258111018,Grassy_Lake
Grave Creek,500,MT,MONTANA,SNTL,SNOTEL,4300,48.91453,-114.76663,Flathead,29,10/1/1968,1/1/2100,121.33372,12.7075,48.9172673906752,-114.755064890411,0.0118846568109583,Grave_Creek
Grave Springs,501,WY,WYOMING,SNTL,SNOTEL,8550,43.46643,-107.23977,Natrona,25,10/1/1991,1/1/2100,46.61526,3.94279,43.4627643938907,-107.232627493151,0.0080282047953735,Grave_Springs
Green Lake,502,WA,WASHINGTON,SNTL,SNOTEL,5920,46.54741,-121.17093,Yakima,77,10/1/1981,1/1/2100,79.20468,5.10466,46.530922329582,-121.158462013699,0.0206710899135648,Green_Lake
Green Mountain,503,NV,NEVADA,SNTL,SNOTEL,8185,40.3848,-115.52757,Elko,7,10/1/1980,1/1/2100,234.81409,18.52357,40.3946064581994,-115.501091739726,0.0282358794719498,Green_Mountain
Greenpoint,504,OR,OREGON,SNTL,SNOTEL,3310,45.62237,-121.70415,Hood River,27,10/1/1978,1/1/2100,22.33606,8.76636,45.6218384967846,-121.717982150685,0.01384235847826,Greenpoint
Gros Ventre Summit,506,WY,WYOMING,SNTL,SNOTEL,8750,43.38939,-110.12943,Teton,39,4/1/1976,1/1/2100,359.42984,0.8156,43.4059466543408,-110.154565986301,0.0300988473248505,Gros_Ventre_Summit
Gunsight Pass,944,WY,WYOMING,SNTL,SNOTEL,9820,43.38332,-109.87815,Sublette,35,9/1/1998,1/1/2100,209.4796,13.54109,43.4059466543408,-109.905890369863,0.0357979553437638,Gunsight_Pass
Hagans Meadow,508,CA,CALIFORNIA,SNTL,SNOTEL,7742,38.8519,-119.9374,El Dorado,17,10/1/1978,1/1/2100,193.6149,6.57443,38.8605274903537,-119.915083931507,0.0239257288872731,Hagans_Meadow
Hams Fork,509,WY,WYOMING,SNTL,SNOTEL,7840,42.146,-110.67833,Lincoln,23,10/1/1984,1/1/2100,243.83203,12.53751,42.1559563842444,-110.651917219178,0.0282270185810168,Hams_Fork
Hansen Sawmill,512,WY,WYOMING,SNTL,SNOTEL,8360,44.25602,-106.97983,Johnson,19,10/1/1979,1/1/2100,114.94386,4.97215,44.2582127475884,-106.983951876712,0.00466883386032355,Hansen_Sawmill
Hawkins Lake,516,MT,MONTANA,SNTL,SNOTEL,6450,48.9723,-115.95337,Lincoln,53,10/1/1968,1/1/2100,80.96276,14.34138,48.9740851302251,-115.936274068493,0.0171888790795861,Hawkins_Lake
Hemlock Butte,520,ID,IDAHO,SNTL,SNOTEL,5810,46.48111,-115.63361,Clearwater,35,10/1/1982,1/1/2100,15.41865,34.30747,46.4741045900322,-115.625429547945,0.010770123705936,Hemlock_Butte
Hilts Creek,524,ID,IDAHO,SNTL,SNOTEL,8000,44.01897,-113.4723,Custer,37,10/1/1979,1/1/2100,26.82383,22.85457,44.0309417893891,-113.44951790411,0.0257361153696191,Hilts_Creek
Hobbs Park,525,WY,WYOMING,SNTL,SNOTEL,10100,42.86984,-109.09455,Fremont,13,10/1/1978,1/1/2100,4.95282,8.78495,42.8945869983923,-109.097694616438,0.024945992503215,Hobbs_Park
Holland Meadows,529,OR,OREGON,SNTL,SNOTEL,4930,43.66917,-122.56877,Lane,39,10/1/1979,1/1/2100,354.53806,2.84029,43.69003535209,-122.588346808219,0.0286114371866063,Holland_Meadows
Hoodoo Basin,530,MT,MONTANA,SNTL,SNOTEL,6050,46.9751,-115.0349,Mineral,61,10/1/1966,1/1/2100,3.06462,8.93541,46.9854642459807,-115.065909410959,0.03269558323035,Hoodoo_Basin
Hopewell,532,NM,NEW MEXICO,SNTL,SNOTEL,10095,36.71632,-106.2637,Rio Arriba,39,10/1/1978,1/1/2100,24.74596,9.93647,36.7014533874598,-106.237925027397,0.0297550900033266,Hopewell
Huckleberry Creek,928,WA,WASHINGTON,SNTL,SNOTEL,2250,47.06565,-121.58778,Pierce,53,10/1/1997,1/1/2100,347.97882,9.10644,47.0422819855305,-121.593644342466,0.0240926256934627,Huckleberry_Creek
Humboldt Gulch,535,ID,IDAHO,SNTL,SNOTEL,4250,47.53178,-115.77643,Shoshone,79,10/1/1978,1/1/2100,263.16449,9.80118,47.5536416414791,-115.749767356164,0.034479384340307,Humboldt_Gulch
Hyndman,537,ID,IDAHO,SNTL,SNOTEL,7620,43.71077,-114.15894,Blaine,13,10/1/1979,1/1/2100,198.51672,7.63119,43.69003535209,-114.133375849315,0.0329158233103307,Hyndman
Idarado,538,CO,COLORADO,SNTL,SNOTEL,9812,37.93389,-107.6762,Ouray,91,10/1/1979,1/1/2100,270.7883,10.94916,37.9514436575563,-107.667809821918,0.0194557441865225,Idarado
Independence Camp,539,CA,CALIFORNIA,SNTL,SNOTEL,6980,39.45269,-120.29367,Sierra,91,10/1/1978,1/1/2100,143.72675,1.03604,39.4287048858521,-120.288097356164,0.0246239732783044,Independence_Camp
Independence Creek,540,CA,CALIFORNIA,SNTL,SNOTEL,6436,39.49001,-120.28226,Sierra,91,10/1/1980,1/1/2100,63.00666,7.01705,39.4855226254019,-120.288097356164,0.00736282946761306,Independence_Creek
Independence Pass,542,CO,COLORADO,SNTL,SNOTEL,10598,39.07543,-106.61154,Pitkin,97,10/1/1979,1/1/2100,242.13977,10.22024,39.0877984485531,-106.610938452055,0.0123830682603681,Independence_Pass
Indian Creek,544,WY,WYOMING,SNTL,SNOTEL,9425,42.30023,-110.67753,Lincoln,23,10/1/1979,1/1/2100,297.13995,3.97474,42.3264096028939,-110.651917219178,0.0366249388957586,Indian_Creek
Irish Taylor,545,OR,OREGON,SNTL,SNOTEL,5540,43.80368,-121.94793,Deschutes,17,10/1/1978,1/1/2100,344.59485,14.78328,43.8036708311897,-121.966657767123,0.0187277693674465,Irish_Taylor
Island Park,546,ID,IDAHO,SNTL,SNOTEL,6290,44.4203,-111.38512,Fremont,43,10/1/1979,1/1/2100,169.06406,0.20817,44.4286659662379,-111.397944068493,0.0153116336100033,Island_Park
Ivanhoe,547,CO,COLORADO,SNTL,SNOTEL,10541,39.29228,-106.54907,Pitkin,97,10/1/1991,1/1/2100,155.27127,17.22225,39.3150694067524,-106.548769547945,0.0227913872233302,Ivanhoe
Jackson Peak,550,ID,IDAHO,SNTL,SNOTEL,7070,44.05092,-115.44322,Boise,15,10/1/1979,1/1/2100,39.40748,8.63081,44.0309417893891,-115.438922835616,0.0204351295801283,Jackson_Peak
Jump Off Joe,552,OR,OREGON,SNTL,SNOTEL,3520,44.38605,-122.16683,Linn,43,10/1/1978,1/1/2100,169.47565,5.34021,44.3718482266881,-122.153164479452,0.0197088004975028,Jump_Off_Joe
Kelley R.S.,554,WY,WYOMING,SNTL,SNOTEL,8180,42.26554,-110.80177,Lincoln,23,10/1/1963,1/1/2100,142.71394,10.27476,42.269591863344,-110.776255027397,0.025834694182253,Kelley_R_S
Kendall R.S.,555,WY,WYOMING,SNTL,SNOTEL,7740,43.2493,-110.01662,Sublette,35,10/1/1984,1/1/2100,266.59573,13.26778,43.2354934356913,-110.030228178082,0.0193856578098709,Kendall_R_S
Kiln,556,CO,COLORADO,SNTL,SNOTEL,9624,39.3172,-106.61501,Pitkin,97,10/1/1979,1/1/2100,297.78296,3.85267,39.3150694067524,-106.610938452055,0.00459531612135383,Kiln
King Mountain,558,OR,OREGON,SNTL,SNOTEL,4340,42.72395,-123.20037,Jackson,29,10/1/1979,1/1/2100,359.46561,24.36527,42.7241337797428,-123.210035849315,0.0096675962872953,King_Mountain
Kirwin,560,WY,WYOMING,SNTL,SNOTEL,9550,43.86067,-109.32163,Park,29,10/1/1979,1/1/2100,327.80991,21.18119,43.8604885707395,-109.346370232877,0.024740898111935,Kirwin
Kraft Creek,562,MT,MONTANA,SNTL,SNOTEL,4750,47.42749,-113.77515,Missoula,63,10/1/1979,1/1/2100,20.31408,9.1288,47.4400061623794,-113.760362424658,0.0193733503866199,Kraft_Creek
Lake Irene,565,CO,COLORADO,SNTL,SNOTEL,10682,40.41446,-105.81941,Grand,49,10/1/1978,1/1/2100,128.69084,8.76191,40.3946064581994,-105.80274269863,0.0259222309415451,Lake_Irene
Lakeview Ridge,568,MT,MONTANA,SNTL,SNOTEL,7400,44.58907,-111.82498,Beaverhead,1,10/1/1960,1/1/2100,40.01521,6.11658,44.5991191848875,-111.83312639726,0.0129363791387306,Lakeview_Ridge
Lamoille #3,570,NV,NEVADA,SNTL,SNOTEL,8051,40.6448,-115.3812,Elko,7,10/1/1980,1/1/2100,240.14319,9.62116,40.6218774163987,-115.376753931507,0.0233497829540834,Lamoille_#3
Laurel Draw,573,NV,NEVADA,SNTL,SNOTEL,6682,41.77637,-116.02957,Elko,7,10/1/1979,1/1/2100,14.71618,8.30498,41.7582322073955,-116.060611876712,0.0359524356666769,Laurel_Draw
Leavitt Lake,574,CA,CALIFORNIA,SNTL,SNOTEL,9604,38.27594,-119.61281,Mono,51,10/1/1989,1/1/2100,349.09164,16.41765,38.2923500948553,-119.604239410959,0.0185134062146796,Leavitt_Lake
Leavitt Meadows,575,CA,CALIFORNIA,SNTL,SNOTEL,7198,38.30367,-119.55111,Mono,51,10/1/1980,1/1/2100,341.06116,2.3631,38.2923500948553,-119.542070506849,0.0144862931390939,Leavitt_Meadows
Lemhi Ridge,576,MT,MONTANA,SNTL,SNOTEL,8100,44.9938,-113.44399,Beaverhead,1,1/1/1971,1/1/2100,133.49467,13.93339,44.9968433617363,-113.44951790411,0.00631029115867956,Lemhi_Ridge
Lewis Lake Divide,577,WY,WYOMING,SNTL,SNOTEL,7850,44.20862,-110.66628,Teton,39,9/1/1963,1/1/2100,155.48248,0.85483,44.2013950080386,-110.651917219178,0.0160776236360678,Lewis_Lake_Divide
Lick Creek,578,MT,MONTANA,SNTL,SNOTEL,6860,45.5041,-110.96625,Gallatin,31,10/1/1963,1/1/2100,331.61975,10.20513,45.5082030176849,-110.962761739726,0.00538541677697547,Lick_Creek
Little Warm,585,WY,WYOMING,SNTL,SNOTEL,9370,43.50278,-109.752,Fremont,13,10/1/1978,1/1/2100,47.98927,6.84714,43.5195821334405,-109.781552561644,0.0339950818189247,Little_Warm
Lizard Head Pass,586,CO,COLORADO,SNTL,SNOTEL,10193,37.79895,-107.92475,Dolores,33,10/1/1979,1/1/2100,300.55075,10.48386,37.7809904389067,-107.916485438356,0.0197698966570739,Lizard_Head_Pass
Lobdell Lake,587,CA,CALIFORNIA,SNTL,SNOTEL,9249,38.43745,-119.36572,Mono,51,10/1/1978,1/1/2100,347.46182,5.18336,38.4628033135048,-119.355563794521,0.0273118841423339,Lobdell_Lake
Lone Mountain,590,MT,MONTANA,SNTL,SNOTEL,8880,45.27412,-111.42692,Madison,57,10/1/1988,1/1/2100,183.43983,15.68596,45.2809320594855,-111.397944068493,0.0297658992999005,Lone_Mountain
Lookout,594,ID,IDAHO,SNTL,SNOTEL,5190,47.45749,-115.70457,Shoshone,79,10/1/1978,1/1/2100,2.96352,20.2383,47.4400061623794,-115.687598452055,0.0243663295880441,Lookout
Loomis Park,597,WY,WYOMING,SNTL,SNOTEL,8240,43.17387,-110.14007,Sublette,35,10/1/1979,1/1/2100,160.2627,3.90267,43.1786756961415,-110.154565986301,0.0152718150277945,Loomis_Park
Lost Horse,599,WA,WASHINGTON,SNTL,SNOTEL,5120,46.3575,-121.08095,Yakima,77,10/1/1989,1/1/2100,196.74669,3.01712,46.3604691109325,-121.096293109589,0.0156277519685158,Lost_Horse
Lost Lake,600,ID,IDAHO,SNTL,SNOTEL,6110,47.0809,-115.9604,Shoshone,79,10/1/1979,1/1/2100,99.11903,25.12743,47.0990997250804,-115.936274068493,0.0302206976107875,Lost_Lake
Lost-Wood Divide,601,ID,IDAHO,SNTL,SNOTEL,7900,43.82432,-114.26402,Blaine,13,10/1/1979,1/1/2100,100.03004,5.74598,43.8036708311897,-114.257713657534,0.0215906953999832,Lost-Wood_Divide
Lower Twin,603,MT,MONTANA,SNTL,SNOTEL,7900,45.50871,-111.92288,Madison,57,10/1/1976,1/1/2100,65.25571,2.36273,45.5082030176849,-111.89529530137,0.0275893571794668,Lower_Twin
Lubrecht Flume,604,MT,MONTANA,SNTL,SNOTEL,4680,46.88293,-113.32228,Missoula,63,10/1/1970,1/1/2100,175.60068,21.04168,46.871828766881,-113.32518009589,0.0114737933105648,Lubrecht_Flume
Lucky Strike,605,OR,OREGON,SNTL,SNOTEL,4970,45.27478,-118.8479,Umatilla,59,10/1/1978,1/1/2100,357.49258,11.55279,45.2809320594855,-118.858212561644,0.0120081956835503,Lucky_Strike
Madison Plateau,609,MT,MONTANA,SNTL,SNOTEL,7750,44.58623,-111.11627,Gallatin,31,10/1/1967,1/1/2100,355.94058,4.04064,44.5991191848875,-111.087099547945,0.0318911642960411,Madison_Plateau
Magic Mountain,610,ID,IDAHO,SNTL,SNOTEL,6880,42.18072,-114.28662,Twin Falls,83,10/1/1979,1/1/2100,348.40097,10.16334,42.1559563842444,-114.257713657534,0.0380632802061634,Magic_Mountain
Mancos,905,CO,COLORADO,SNTL,SNOTEL,10044,37.43109,-108.17005,Montezuma,83,8/30/1994,1/1/2100,260.72284,12.04886,37.4400840016077,-108.165161054795,0.0102368867404515,Mancos
Many Glacier,613,MT,MONTANA,SNTL,SNOTEL,4900,48.79698,-113.6705,Glacier,35,10/1/1976,1/1/2100,166.51013,5.01831,48.8036319115756,-113.698193520548,0.0284812044680708,Many_Glacier
Marion Forks,614,OR,OREGON,SNTL,SNOTEL,2590,44.59397,-121.97365,Linn,43,10/1/1979,1/1/2100,344.17181,7.1973,44.5991191848875,-121.966657767123,0.00868362974867118,Marion_Forks
Marquette,616,WY,WYOMING,SNTL,SNOTEL,8760,44.3016,-109.24019,Park,29,10/1/1979,1/1/2100,327.18567,20.7426,44.3150304871383,-109.222032424658,0.0225848517168598,Marquette
Maverick Fork,617,AZ,ARIZONA,SNTL,SNOTEL,9220,33.92123,-109.45872,Apache,1,10/1/1953,1/1/2100,78.92142,14.5846,33.9173841495177,-109.470708041096,0.0125898250683509,Maverick_Fork
Meadow Lake,620,ID,IDAHO,SNTL,SNOTEL,9150,44.43655,-113.31815,Lemhi,59,10/1/1979,1/1/2100,89.77628,10.74788,44.4286659662379,-113.32518009589,0.0105631546701018,Meadow_Lake
Meadows Pass,897,WA,WASHINGTON,SNTL,SNOTEL,3230,47.28312,-121.47197,King,33,10/1/1993,1/1/2100,230.08005,18.16347,47.2695529437299,-121.469306534247,0.0138260285567991,Meadows_Pass
Michigan Creek,937,CO,COLORADO,SNTL,SNOTEL,10702,39.43579,-105.91072,Park,93,8/10/1998,1/1/2100,71.39799,12.60219,39.4287048858521,-105.927080506849,0.0178287696391207,Michigan_Creek
Middle Creek,624,CO,COLORADO,SNTL,SNOTEL,11269,37.61779,-107.03932,Mineral,79,10/1/1979,1/1/2100,9.70734,6.95174,37.6105372202572,-107.046120780822,0.00994250641369236,Middle_Creek
Middle Powder,625,WY,WYOMING,SNTL,SNOTEL,7760,43.62728,-107.18138,Washakie,43,10/1/1978,1/1/2100,1.82901,17.91476,43.6332176125402,-107.170458589041,0.0124311085592925,Middle_Powder
Mineral Creek,629,CO,COLORADO,SNTL,SNOTEL,10046,37.84737,-107.72657,San Juan,111,10/1/1978,1/1/2100,304.40952,14.49477,37.8378081784566,-107.729978726027,0.0101512484136192,Mineral_Creek
Monument Peak,635,MT,MONTANA,SNTL,SNOTEL,8850,45.21759,-110.237,Park,67,10/1/1976,1/1/2100,339.19702,23.52058,45.2241143199357,-110.216734890411,0.0212894672849549,Monument_Peak
Moonshine,636,ID,IDAHO,SNTL,SNOTEL,7440,44.4147,-113.39812,Lemhi,59,10/1/1979,1/1/2100,150.81879,10.57107,44.4286659662379,-113.387349,0.0176369683891027,Moonshine
Mores Creek Summit,637,ID,IDAHO,SNTL,SNOTEL,6100,43.932,-115.66588,Boise,15,9/30/1978,1/1/2100,345.38458,14.8813,43.9173063102894,-115.687598452055,0.0262220456291412,Mores_Creek_Summit
Morse Lake,642,WA,WASHINGTON,SNTL,SNOTEL,5410,46.90585,-121.4827,Yakima,77,10/1/1978,1/1/2100,163.50813,28.29091,46.9286465064309,-121.469306534247,0.026439849287218,Morse_Lake
Moses Mtn,644,WA,WASHINGTON,SNTL,SNOTEL,5010,48.36163,-119.08159,Okanogan,47,10/1/1991,1/1/2100,153.38971,3.75557,48.3490899951768,-119.106888178082,0.0282356075768578,Moses_Mtn
Mosquito Ridge,645,ID,IDAHO,SNTL,SNOTEL,5260,48.05726,-116.23055,Shoshone,79,10/1/1978,1/1/2100,254.187,4.81879,48.0650012974276,-116.247118589041,0.0182878601447005,Mosquito_Ridge
Moss Peak,646,MT,MONTANA,SNTL,SNOTEL,6780,47.68493,-113.9623,Lake,47,4/1/1961,1/1/2100,10.42339,10.07645,47.6672771205788,-113.946869136986,0.0234464429118008,Moss_Peak
Moss Springs,647,OR,OREGON,SNTL,SNOTEL,5760,45.27173,-117.68747,Union,61,10/1/1979,1/1/2100,267.54074,3.08976,45.2809320594855,-117.677003383562,0.013936569105599,Moss_Springs
Mount Gardner,898,WA,WASHINGTON,SNTL,SNOTEL,2920,47.35768,-121.56812,King,33,10/1/1993,1/1/2100,128.62569,10.57047,47.3831884228296,-121.593644342466,0.0360856161590153,Mount_Gardner
Mountain Meadows,650,ID,IDAHO,SNTL,SNOTEL,6320,45.69694,-115.22972,Idaho,49,10/1/1979,1/1/2100,128.19371,8.79194,45.6786562363344,-115.252416123288,0.0291446397487364,Mountain_Meadows
Mowich,941,WA,WASHINGTON,SNTL,SNOTEL,3160,46.92833,-121.95232,Pierce,53,9/30/1998,1/1/2100,190.24815,29.50304,46.9286465064309,-121.966657767123,0.0143412601396828,Mowich
Mt Hood Test Site,651,OR,OREGON,SNTL,SNOTEL,5370,45.32097,-121.7158,Clackamas,5,10/1/1979,1/1/2100,132.34247,5.71019,45.3377497990354,-121.717982150685,0.0169210944468844,Mt_Hood_Test_Site
Mt Rose Ski Area,652,NV,NEVADA,SNTL,SNOTEL,8801,39.31573,-119.89473,Washoe,31,10/1/1980,1/1/2100,350.30005,16.5451,39.3150694067524,-119.915083931507,0.0203646485663405,Mt_Rose_Ski_Area
Mud Flat,654,ID,IDAHO,SNTL,SNOTEL,5730,42.6004,-116.55925,Owyhee,73,10/1/1979,1/1/2100,42.49745,8.53516,42.6104983006431,-116.557963109589,0.0101799687037042,Mud_Flat
Mud Ridge,655,OR,OREGON,SNTL,SNOTEL,4070,45.25362,-121.73673,Clackamas,5,10/1/1978,1/1/2100,45.78577,5.31262,45.2809320594855,-121.717982150685,0.03312748779001,Mud_Ridge
Mule Creek,656,MT,MONTANA,SNTL,SNOTEL,8300,45.40957,-112.95927,Beaverhead,1,10/1/1977,1/1/2100,81.7762,6.16246,45.3945675385852,-112.952166671233,0.016599130340917,Mule_Creek
N Fk Elk Creek,657,MT,MONTANA,SNTL,SNOTEL,6250,46.8716,-113.27725,Powell,77,10/1/1967,1/1/2100,183.63396,11.3886,46.871828766881,-113.263011191781,0.0142406458344785,N_Fk_Elk_Creek
Nevada Ridge,903,MT,MONTANA,SNTL,SNOTEL,7020,46.84234,-112.50787,Lewis and Clark,49,10/1/1977,1/1/2100,288.23193,6.69564,46.8150110273312,-112.516984342466,0.0288087484233442,Nevada_Ridge
New Crescent Lake,660,OR,OREGON,SNTL,SNOTEL,4910,43.51185,-121.97982,Klamath,35,10/1/1979,1/1/2100,119.22533,4.16179,43.5195821334405,-121.966657767123,0.0152653287501534,New_Crescent_Lake
New Fork Lake,661,WY,WYOMING,SNTL,SNOTEL,8340,43.11265,-109.94947,Sublette,35,10/1/1984,1/1/2100,100.35726,3.34828,43.1218579565916,-109.968059273973,0.0207448203519739,New_Fork_Lake
Noisy Basin,664,MT,MONTANA,SNTL,SNOTEL,6040,48.15678,-113.94637,Flathead,29,4/1/1961,1/1/2100,5.98396,28.64606,48.1786367765273,-113.946869136986,0.0218624751090802,Noisy_Basin
North Fork,666,OR,OREGON,SNTL,SNOTEL,3060,45.5505,-122.00283,Multnomah,51,10/1/1978,1/1/2100,25.94527,8.60557,45.5650207572347,-122.028826671233,0.02977716080935,North_Fork
North Fork Jocko,667,MT,MONTANA,SNTL,SNOTEL,6330,47.2726,-113.75617,Missoula,63,4/1/1961,1/1/2100,109.80137,7.2045,47.2695529437299,-113.760362424658,0.00518275760827769,North_Fork_Jocko
North Rapid Creek,920,SD,SOUTH DAKOTA,SNTL,SNOTEL,6130,44.20617,-103.78758,Lawrence,81,8/9/1996,1/1/2100,6.73614,3.86083,44.2013950080386,-104.124182287671,0.336636154644122,North_Rapid_Creek
Northeast Entrance,670,MT,MONTANA,SNTL,SNOTEL,7350,45.00565,-110.01406,Yellowstone National Park,113,10/1/1937,1/1/2100,206.08904,11.60949,44.9968433617363,-110.030228178082,0.0184110526586299,Northeast_Entrance
Ochoco Meadows,671,OR,OREGON,SNTL,SNOTEL,5430,44.42917,-120.3311,Crook,13,10/1/1979,1/1/2100,209.15134,1.12169,44.4286659662379,-120.350266260274,0.0191728866612126,Ochoco_Meadows
Olallie Meadows,672,WA,WASHINGTON,SNTL,SNOTEL,4030,47.37406,-121.44213,King,33,10/1/1979,1/1/2100,344.73218,13.20419,47.3831884228296,-121.469306534247,0.0286686608866505,Olallie_Meadows
Owl Creek,676,WY,WYOMING,SNTL,SNOTEL,8975,43.65868,-109.00988,Hot Springs,17,10/1/1979,1/1/2100,5.90477,17.89786,43.6332176125402,-109.035525712329,0.0361391164254897,Owl_Creek
Park Cone,680,CO,COLORADO,SNTL,SNOTEL,9621,38.81982,-106.58962,Gunnison,51,10/1/1979,1/1/2100,4.49328,17.05311,38.8037097508039,-106.610938452055,0.0267210876871025,Park_Cone
Park Reservoir,682,CO,COLORADO,SNTL,SNOTEL,9987,39.04433,-107.87951,Delta,29,10/1/1978,1/1/2100,16.90535,14.17834,39.0309807090032,-107.854316534247,0.0285116517719405,Park_Reservoir
Parrish Creek,971,UT,UTAH,SNTL,SNOTEL,7740,40.93417,-111.81372,Davis,11,10/1/1999,1/1/2100,256.60416,9.55764,40.9059661141479,-111.83312639726,0.0342354703746161,Parrish_Creek
Peterson Meadows,930,MT,MONTANA,SNTL,SNOTEL,7200,46.12588,-113.30792,Granite,39,10/1/1965,1/1/2100,89.92463,3.00966,46.1331981527331,-113.32518009589,0.0187474336792338,Peterson_Meadows
Phantom Valley,688,CO,COLORADO,SNTL,SNOTEL,9045,40.39803,-105.84606,Grand,49,10/1/1979,1/1/2100,192.11607,5.16541,40.3946064581994,-105.86491160274,0.0191599468769417,Phantom_Valley
Phillips Bench,689,WY,WYOMING,SNTL,SNOTEL,8200,43.51687,-110.91258,Teton,39,3/1/1976,1/1/2100,88.96738,10.13836,43.5195821334405,-110.900592835616,0.0122901496235146,Phillips_Bench
Pickfoot Creek,690,MT,MONTANA,SNTL,SNOTEL,6650,46.57978,-111.26832,Meagher,59,6/1/1977,1/1/2100,71.41703,10.15234,46.5877400691318,-111.273606260274,0.00955548262869922,Pickfoot_Creek
Pine Creek Pass,695,ID,IDAHO,SNTL,SNOTEL,6720,43.56998,-111.21157,Teton,81,10/1/1988,1/1/2100,72.69935,8.08087,43.5763998729904,-111.211437356164,0.00642124315067463,Pine_Creek_Pass
Placer Basin,696,MT,MONTANA,SNTL,SNOTEL,8830,45.41905,-110.08844,Sweet Grass,97,10/1/1976,1/1/2100,54.24606,3.6336,45.3945675385852,-110.092397082192,0.0248001898460729,Placer_Basin
Poison Flat,697,CA,CALIFORNIA,SNTL,SNOTEL,7736,38.50576,-119.62624,Alpine,3,10/1/1980,1/1/2100,11.65286,9.32712,38.5196210530547,-119.604239410959,0.0260029750208714,Poison_Flat
Pole Creek R.S.,698,NV,NEVADA,SNTL,SNOTEL,8360,41.87255,-115.24713,Elko,7,2/1/1977,1/1/2100,4.13332,24.40979,41.8718676864952,-115.252416123288,0.00532997665424383,Pole_Creek_R_S
Poorman Creek,932,MT,MONTANA,SNTL,SNOTEL,5100,48.12672,-115.62333,Lincoln,53,10/1/1968,1/1/2100,135.53735,15.25312,48.1218190369775,-115.625429547945,0.00533174831751275,Poorman_Creek
Pope Ridge,699,WA,WASHINGTON,SNTL,SNOTEL,3590,47.9909,-120.56622,Chelan,7,10/1/1979,1/1/2100,66.0451,7.85886,48.0081835578778,-120.536772972603,0.0341445280452765,Pope_Ridge
Porcupine,700,MT,MONTANA,SNTL,SNOTEL,6500,46.11192,-110.4696,Park,67,10/1/1975,1/1/2100,284.26529,9.94411,46.1331981527331,-110.465410506849,0.021686669559791,Porcupine
Powder River Pass,703,WY,WYOMING,SNTL,SNOTEL,9480,44.16188,-107.12622,Johnson,19,10/1/1949,1/1/2100,178.93996,14.17756,44.1445772684887,-107.108289684931,0.0249174781273272,Powder_River_Pass
Prairie,704,ID,IDAHO,SNTL,SNOTEL,4800,43.50513,-115.573,Elmore,39,10/1/1979,1/1/2100,185.87894,4.52523,43.5195821334405,-115.563260643836,0.017427541980184,Prairie
Quartz Peak,707,WA,WASHINGTON,SNTL,SNOTEL,4700,47.87927,-117.08938,Spokane,63,10/1/1985,1/1/2100,212.8768,13.78173,47.8945480787781,-117.117483246575,0.0319876876189131,Quartz_Peak
Railroad Overpass,710,OR,OREGON,SNTL,SNOTEL,2680,43.65887,-122.21272,Lane,39,10/1/1980,1/1/2100,219.54776,1.08498,43.6332176125402,-122.215333383562,0.0257851654256825,Railroad_Overpass
Rainy Pass,711,WA,WASHINGTON,SNTL,SNOTEL,4890,48.51865,-120.7358,Chelan,7,10/1/1979,1/1/2100,44.93942,14.69438,48.5195432138264,-120.723279684931,0.0125521360877991,Rainy_Pass
Red Hill,712,OR,OREGON,SNTL,SNOTEL,4410,45.4643,-121.70428,Hood River,27,10/1/1978,1/1/2100,350.03311,9.12794,45.451385278135,-121.717982150685,0.0188292053535185,Red_Hill
Red Mountain Pass,713,CO,COLORADO,SNTL,SNOTEL,11080,37.89168,-107.71389,San Juan,111,10/1/1979,1/1/2100,271.98282,13.51336,37.8946259180064,-107.729978726027,0.0163562079368066,Red_Mountain_Pass
Ripple Creek,717,CO,COLORADO,SNTL,SNOTEL,10350,40.10844,-107.29383,Rio Blanco,103,10/1/1985,1/1/2100,208.56447,6.97648,40.1105177604502,-107.29479639726,0.00229150870662696,Ripple_Creek
Roaring River,719,OR,OREGON,SNTL,SNOTEL,4950,43.90098,-122.03063,Lane,39,10/1/1979,1/1/2100,311.00009,4.8932,43.9173063102894,-122.028826671233,0.0164256020379062,Roaring_River
Rock Springs,721,OR,OREGON,SNTL,SNOTEL,5290,44.00883,-118.83842,Grant,23,10/1/1979,1/1/2100,297.30933,17.22338,44.0309417893891,-118.858212561644,0.029676197977824,Rock_Springs
Rocker Peak,722,MT,MONTANA,SNTL,SNOTEL,8000,46.35613,-112.26176,Jefferson,43,10/1/1967,1/1/2100,143.53719,13.46823,46.3604691109325,-112.268308726027,0.00785580653156095,Rocker_Peak
Rocky Boy,917,MT,MONTANA,SNTL,SNOTEL,4700,48.17478,-109.64728,Hill,41,10/1/1967,1/1/2100,78.76733,7.15338,48.1786367765273,-109.657214753425,0.0106571126857645,Rocky_Boy
S Fork Shields,725,MT,MONTANA,SNTL,SNOTEL,8100,46.0896,-110.43363,Park,67,10/1/1978,1/1/2100,281.24988,6.29659,46.0763804131833,-110.40324160274,0.0331392842957659,S_Fork_Shields
Sacajawea,929,MT,MONTANA,SNTL,SNOTEL,6550,45.87395,-110.92783,Gallatin,31,9/30/1999,1/1/2100,82.51987,2.27288,45.8491094549839,-110.900592835616,0.0368634751533011,Sacajawea
Salt Creek Falls,729,OR,OREGON,SNTL,SNOTEL,4220,43.61193,-122.11758,Lane,39,10/1/1979,1/1/2100,172.74982,11.38243,43.6332176125402,-122.090995575342,0.0340572177674334,Salt_Creek_Falls
Salt River Summit,730,WY,WYOMING,SNTL,SNOTEL,7640,42.5075,-110.9099,Lincoln,23,10/1/1959,1/1/2100,49.95781,12.92476,42.4968628215434,-110.900592835616,0.0141341032396211,Salt_River_Summit
Sand Lake,731,WY,WYOMING,SNTL,SNOTEL,10098,41.4625,-106.281,Carbon,7,10/1/1979,1/1/2100,324.92487,10.95134,41.4741435096463,-106.300093931507,0.0223640232802035,Sand_Lake
Sandstone RS,732,WY,WYOMING,SNTL,SNOTEL,8152,41.11179,-107.17043,Carbon,7,10/1/1984,1/1/2100,303.93924,4.09669,41.1332370723473,-107.170458589041,0.0214470914019497,Sandstone_RS
Santa Fe,922,NM,NEW MEXICO,SNTL,SNOTEL,11465,35.77154,-105.78487,Santa Fe,49,10/1/1996,1/1/2100,124.80942,7.41389,35.7923695546624,-105.80274269863,0.0274463787001615,Santa_Fe
Santiam Jct.,733,OR,OREGON,SNTL,SNOTEL,3740,44.43503,-121.94502,Linn,43,10/1/1978,1/1/2100,319.33786,0.61161,44.4286659662379,-121.966657767123,0.0225542433212495,Santiam_Jct
Savage Pass,735,ID,IDAHO,SNTL,SNOTEL,6190,46.46633,-114.63333,Idaho,49,10/1/1982,1/1/2100,39.40121,8.68287,46.4741045900322,-114.630727082192,0.00819874571407067,Savage_Pass
Schneider Meadows,736,OR,OREGON,SNTL,SNOTEL,5400,45.00107,-117.16522,Baker,1,10/1/1980,1/1/2100,205.9917,3.83061,44.9968433617363,-117.179652150685,0.015038332500865,Schneider_Meadows
Schwartz Lake,915,ID,IDAHO,SNTL,SNOTEL,8630,44.84618,-113.83732,Lemhi,59,9/26/1995,1/1/2100,112.26507,8.55119,44.8263901430868,-113.822531328767,0.0247051256520353,Schwartz_Lake
Secesh Summit,740,ID,IDAHO,SNTL,SNOTEL,6540,45.18848,-115.97152,Valley,85,10/1/1979,1/1/2100,140.3521,4.52441,45.1672965803859,-115.998442972603,0.0342576082108629,Secesh_Summit
Sedgwick Peak,741,ID,IDAHO,SNTL,SNOTEL,7850,42.52497,-111.95635,Bannock,5,10/1/1988,1/1/2100,26.16933,24.47571,42.4968628215434,-111.957464205479,0.0281292540718847,Sedgwick_Peak
Seine Creek,743,OR,OREGON,SNTL,SNOTEL,2060,45.52688,-123.29857,Washington,67,10/1/1979,1/1/2100,347.30203,5.69026,45.5082030176849,-123.272204753425,0.0323103063334122,Seine_Creek
Sevenmile Marsh,745,OR,OREGON,SNTL,SNOTEL,5700,42.69825,-122.14165,Klamath,35,10/1/1979,1/1/2100,323.04895,17.47874,42.7241337797428,-122.153164479452,0.0283293715218733,Sevenmile_Marsh
Seventysix Creek,746,NV,NEVADA,SNTL,SNOTEL,7350,41.73732,-115.47215,Elko,7,10/1/1978,1/1/2100,166.5257,1.75983,41.7582322073955,-115.501091739726,0.0357063680107591,Seventysix_Creek
Shanghi Summit,747,ID,IDAHO,SNTL,SNOTEL,4600,46.56603,-115.74216,Clearwater,35,10/1/1982,1/1/2100,218.3353,2.27341,46.5877400691318,-115.749767356164,0.0230043250175589,Shanghi_Summit
Sheep Mtn.,749,ID,IDAHO,SNTL,SNOTEL,6650,43.2103,-111.68792,Bingham,11,10/1/1978,1/1/2100,36.82429,10.33342,43.2354934356913,-111.708788589041,0.0327140216190886,Sheep_Mtn
Shell Creek,751,WY,WYOMING,SNTL,SNOTEL,9580,44.50012,-107.42947,Big Horn,3,10/1/1978,1/1/2100,328.51816,4.28386,44.4854837057878,-107.419134205479,0.017917861385959,Shell_Creek
Short Creek,753,MT,MONTANA,SNTL,SNOTEL,7000,44.97572,-111.95215,Madison,57,10/1/1985,1/1/2100,338.90323,21.13519,44.9968433617363,-111.957464205479,0.0217815791648724,Short_Creek
Shower Falls,754,MT,MONTANA,SNTL,SNOTEL,8100,45.40125,-110.95758,Gallatin,31,10/1/1964,1/1/2100,38.48732,9.1396,45.3945675385852,-110.962761739726,0.0084561053179577,Shower_Falls
Signal Peak,755,NM,NEW MEXICO,SNTL,SNOTEL,8405,32.92342,-108.14546,Grant,17,10/1/1978,1/1/2100,312.63147,5.84257,32.9514825771704,-108.165161054795,0.0342876041373652,Signal_Peak
Silvies,759,OR,OREGON,SNTL,SNOTEL,6990,42.75333,-118.68785,Harney,25,10/1/1978,1/1/2100,267.75409,3.48792,42.7809515192926,-118.671705849315,0.0319934669795469,Silvies
Skalkaho Summit,760,MT,MONTANA,SNTL,SNOTEL,7250,46.24212,-113.7725,Granite,39,10/1/1966,1/1/2100,95.09019,1.97007,46.2468336318328,-113.760362424658,0.0130207165792748,Skalkaho_Summit
Sleeping Woman,783,MT,MONTANA,SNTL,SNOTEL,6150,47.17902,-114.33368,Sanders,89,10/1/1988,1/1/2100,64.96268,10.755,47.1559174646302,-114.319882561644,0.0269090402225863,Sleeping_Woman
Slug Creek Divide,761,ID,IDAHO,SNTL,SNOTEL,7225,42.56248,-111.29797,Caribou,29,10/1/1978,1/1/2100,4.54192,20.19552,42.5536805610932,-111.273606260274,0.0259040911539353,Slug_Creek_Divide
Slumgullion,762,CO,COLORADO,SNTL,SNOTEL,11560,37.99076,-107.20392,Hinsdale,53,10/1/1979,1/1/2100,37.28617,9.31552,38.0082613971061,-107.232627493151,0.0336217052464644,Slumgullion
Snider Basin,765,WY,WYOMING,SNTL,SNOTEL,8060,42.4949,-110.53203,Sublette,35,9/15/1980,1/1/2100,25.71229,13.45481,42.4968628215434,-110.527579410959,0.00486419687339064,Snider_Basin
Snowslide Canyon,927,AZ,ARIZONA,SNTL,SNOTEL,9744,35.34179,-111.65084,Coconino,5,9/1/1997,1/1/2100,42.04646,7.37,35.3378276382637,-111.646619684931,0.00578890057014458,Snowslide_Canyon
Soldier R.S.,769,ID,IDAHO,SNTL,SNOTEL,5740,43.48407,-114.82692,Camas,25,10/1/1985,1/1/2100,206.75798,47.92319,43.4627643938907,-114.817233794521,0.0234040899901299,Soldier_R_S
Somsen Ranch,770,ID,IDAHO,SNTL,SNOTEL,6800,42.95275,-111.35933,Caribou,29,10/1/1978,1/1/2100,16.17789,15.6769,42.9514047379421,-111.335775164384,0.0235932195959148,Somsen_Ranch
South Brush Creek,772,WY,WYOMING,SNTL,SNOTEL,8495,41.3295,-106.5025,Carbon,7,2/1/1976,1/1/2100,195.92313,3.63655,41.3036902909968,-106.486600643836,0.0303138682002119,South_Brush_Creek
South Mtn.,774,ID,IDAHO,SNTL,SNOTEL,6500,42.76478,-116.90037,Owyhee,73,10/1/1978,1/1/2100,104.91502,13.18674,42.7809515192926,-116.930976534247,0.0346161519358176,South_Mtn
Spencer Meadow,776,WA,WASHINGTON,SNTL,SNOTEL,3400,46.1795,-121.92661,Skamania,59,10/1/1980,1/1/2100,280.61658,7.35944,46.190015892283,-121.904488863014,0.0244934418173756,Spencer_Meadow
Spratt Creek,778,CA,CALIFORNIA,SNTL,SNOTEL,6063,38.66627,-119.81741,Alpine,3,10/1/1983,1/1/2100,47.06446,5.49226,38.6900742717042,-119.790746123288,0.0357436102356738,Spratt_Creek
Spring Creek Divide,779,WY,WYOMING,SNTL,SNOTEL,9000,42.52516,-110.66148,Sublette,35,10/1/1978,1/1/2100,105.46944,5.91315,42.4968628215434,-110.651917219178,0.0298693335321366,Spring_Creek_Divide
Squaw Flat,782,ID,IDAHO,SNTL,SNOTEL,6240,44.77091,-116.24805,Adams,3,10/1/1979,1/1/2100,134.65349,10.82012,44.769572403537,-116.247118589041,0.00162993578781677,Squaw_Flat
St. Lawrence Alt,786,WY,WYOMING,SNTL,SNOTEL,8620,43.03313,-109.17025,Fremont,13,10/1/1983,1/1/2100,3.16337,10.68083,43.008222477492,-109.159863520548,0.0269863601268,St_Lawrence_Alt
Stampede Pass,788,WA,WASHINGTON,SNTL,SNOTEL,3850,47.27427,-121.34162,King,33,10/1/1979,1/1/2100,322.17853,11.35643,47.2695529437299,-121.344968726027,0.0057848583266332,Stampede_Pass
Starr Ridge,789,OR,OREGON,SNTL,SNOTEL,5250,44.26423,-119.02162,Grant,23,10/1/1979,1/1/2100,266.72247,6.70228,44.2582127475884,-119.044719273973,0.0238701442112253,Starr_Ridge
Stickney Mill,792,ID,IDAHO,SNTL,SNOTEL,7430,43.86117,-114.20902,Custer,37,10/1/1979,1/1/2100,7.69323,10.54459,43.8604885707395,-114.195544753425,0.0134924651600096,Stickney_Mill
Stillwater Creek,793,CO,COLORADO,SNTL,SNOTEL,8880,40.22532,-105.9198,Grand,49,10/1/1985,1/1/2100,163.75835,6.93354,40.2241532395498,-105.927080506849,0.00737340558537865,Stillwater_Creek
Strawberry,794,OR,OREGON,SNTL,SNOTEL,5770,42.12587,-120.8361,Lake,37,10/1/1979,1/1/2100,197.05495,8.43842,42.0991386446945,-120.847617493151,0.0291070095501467,Strawberry
Stuart Mountain,901,MT,MONTANA,SNTL,SNOTEL,7400,46.99523,-113.92664,Missoula,63,7/26/1994,1/1/2100,191.77208,4.38946,46.9854642459807,-113.946869136986,0.0224630348520266,Stuart_Mountain
Stump Lakes,797,CO,COLORADO,SNTL,SNOTEL,11248,37.47647,-107.63348,La Plata,67,10/1/1985,1/1/2100,9.22553,7.48859,37.4969017411576,-107.605640917808,0.0345321668017561,Stump_Lakes
Sucker Creek,798,WY,WYOMING,SNTL,SNOTEL,8880,44.7225,-107.40033,Sheridan,33,10/1/1978,1/1/2100,154.99156,5.50587,44.7127546639871,-107.419134205479,0.0211794645281875,Sucker_Creek
Summer Rim,800,OR,OREGON,SNTL,SNOTEL,7080,42.6957,-120.80158,Lake,37,10/1/1978,1/1/2100,330.16806,5.12172,42.6673160401929,-120.785448589041,0.0326476889512787,Summer_Rim
Swamp Creek,975,WA,WASHINGTON,SNTL,SNOTEL,3930,48.57142,-120.78267,Skagit,57,10/1/1999,1/1/2100,253.49849,18.6968,48.5763609533762,-120.785448589041,0.00566864863301093,Swamp_Creek
Swede Peak,805,ID,IDAHO,SNTL,SNOTEL,7640,43.626,-113.96887,Blaine,13,10/1/1978,1/1/2100,14.05692,9.31056,43.6332176125402,-113.946869136986,0.0231545223259147,Swede_Peak
Sylvan Lake,806,WY,WYOMING,SNTL,SNOTEL,8420,44.47764,-110.15651,Park,29,10/1/1978,1/1/2100,198.85701,1.80155,44.4854837057878,-110.154565986301,0.00808102157820805,Sylvan_Lake
Sylvan Road,807,WY,WYOMING,SNTL,SNOTEL,7120,44.47825,-110.03808,Park,29,10/1/1986,1/1/2100,170.4953,12.49482,44.4854837057878,-110.030228178082,0.0106760295454971,Sylvan_Road
Tahoe City Cross,809,CA,CALIFORNIA,SNTL,SNOTEL,6797,39.17162,-120.15362,Placer,61,10/1/1980,1/1/2100,81.71317,5.79247,39.1446161881029,-120.163759547945,0.0288446925707786,Tahoe_City_Cross
Taylor Canyon,811,NV,NEVADA,SNTL,SNOTEL,6325,41.2287,-116.0293,Elko,7,10/1/1980,1/1/2100,272.66031,2.78284,41.2468725514469,-115.998442972603,0.0358105817583233,Taylor_Canyon
Taylor Green,812,OR,OREGON,SNTL,SNOTEL,5740,45.07707,-117.55067,Baker,1,10/1/1978,1/1/2100,21.0175,8.79116,45.0536611012862,-117.552665575342,0.0234938047139755,Taylor_Green
Tepee Creek,813,MT,MONTANA,SNTL,SNOTEL,8000,44.78562,-111.71,Madison,57,10/1/1971,1/1/2100,72.65777,11.32777,44.769572403537,-111.708788589041,0.0160932553807788,Tepee_Creek
Three Creeks Meadow,815,OR,OREGON,SNTL,SNOTEL,5690,44.14425,-121.64095,Deschutes,17,10/1/1979,1/1/2100,11.69913,23.13804,44.1445772684887,-121.655813246575,0.0148668491420558,Three_Creeks_Meadow
Thumb Divide,816,WY,WYOMING,SNTL,SNOTEL,7980,44.36917,-110.57717,Teton,39,9/30/1987,1/1/2100,316.17081,4.17865,44.3718482266881,-110.589748315068,0.0128602841392676,Thumb_Divide
Tie Creek,818,WY,WYOMING,SNTL,SNOTEL,6870,44.81243,-107.41017,Sheridan,33,8/1/1994,1/1/2100,272.35019,16.14725,44.8263901430868,-107.419134205479,0.0165904362472383,Tie_Creek
Timber Creek,819,WY,WYOMING,SNTL,SNOTEL,7950,44.0274,-109.17879,Park,29,8/1/1967,1/1/2100,266.7916,1.31042,44.0309417893891,-109.159863520548,0.0192550226310931,Timber_Creek
Tinkham Creek,899,WA,WASHINGTON,SNTL,SNOTEL,2990,47.33198,-121.46975,King,33,10/1/1993,1/1/2100,86.16186,22.68457,47.3263706832797,-121.469306534247,0.00562681934513299,Tinkham_Creek
Tipton,821,OR,OREGON,SNTL,SNOTEL,5150,44.65567,-118.42617,Baker,1,10/1/1978,1/1/2100,332.98898,5.98809,44.6559369244373,-118.423030232877,0.00315109286469219,Tipton
Togwotee Pass,822,WY,WYOMING,SNTL,SNOTEL,9580,43.74902,-110.0578,Teton,39,10/1/1960,1/1/2100,221.54486,1.77907,43.7468530916399,-110.030228178082,0.0276568410292843,Togwotee_Pass
Touchet,824,WA,WASHINGTON,SNTL,SNOTEL,5530,46.11868,-117.8505,Columbia,13,10/1/1979,1/1/2100,222.53909,5.33811,46.1331981527331,-117.86351009589,0.019494598068413,Touchet
Trial Lake,828,UT,UTAH,SNTL,SNOTEL,9992,40.678,-110.94873,Summit,43,10/1/1978,1/1/2100,267.82913,6.33366,40.6786951559486,-110.962761739726,0.0140489487696163,Trial_Lake
Trinity Mtn.,830,ID,IDAHO,SNTL,SNOTEL,7770,43.62903,-115.43818,Elmore,39,10/1/1978,1/1/2100,305.73621,10.61232,43.6332176125402,-115.438922835616,0.00425298760158426,Trinity_Mtn
Triple Peak,831,WY,WYOMING,SNTL,SNOTEL,8500,42.76393,-110.5914,Sublette,35,10/1/1984,1/1/2100,53.72647,9.68997,42.7809515192926,-110.589748315068,0.0171014672511712,Triple_Peak
Trough,832,WA,WASHINGTON,SNTL,SNOTEL,5480,47.23328,-120.29412,Kittitas,37,10/1/1978,1/1/2100,30.24143,7.82019,47.2127352041801,-120.288097356164,0.0214093641675042,Trough
Twelvemile Creek,835,MT,MONTANA,SNTL,SNOTEL,5600,46.14287,-114.44755,Ravalli,81,10/1/1967,1/1/2100,194.53625,9.69362,46.1331981527331,-114.444220369863,0.0102289328086316,Twelvemile_Creek
Upper Rio Grande,839,CO,COLORADO,SNTL,SNOTEL,9379,37.72172,-107.25971,Hinsdale,53,10/1/1985,1/1/2100,10.54665,13.80469,37.7241726993569,-107.232627493151,0.0271933431442584,Upper_Rio_Grande
Vail Mountain,842,CO,COLORADO,SNTL,SNOTEL,10310,39.61765,-106.38019,Eagle,37,10/1/1978,1/1/2100,32.26996,10.61688,39.5991581045016,-106.362262835616,0.0257552600836197,Vail_Mountain
Vienna Mine,845,ID,IDAHO,SNTL,SNOTEL,8960,43.79942,-114.85273,Blaine,13,10/1/1978,1/1/2100,78.84251,6.43501,43.8036708311897,-114.87940269863,0.0270093024347278,Vienna_Mine
Virginia Lakes Ridge,846,CA,CALIFORNIA,SNTL,SNOTEL,9400,38.07298,-119.23433,Mono,51,10/1/1978,1/1/2100,21.03751,10.74875,38.0650791366559,-119.231225986301,0.00848873033060286,Virginia_Lakes_Ridge
Ward Creek #3,848,CA,CALIFORNIA,SNTL,SNOTEL,6745,39.13545,-120.21865,Placer,61,10/1/1979,1/1/2100,3.09866,8.05278,39.1446161881029,-120.225928452055,0.0117044807084634,Ward_Creek_#3
Ward Mountain,849,NV,NEVADA,SNTL,SNOTEL,9163,39.13242,-114.95575,White Pine,33,10/1/1980,1/1/2100,194.84579,6.12162,39.1446161881029,-114.94157160274,0.018702244600677,Ward_Mountain
Warm Springs,850,MT,MONTANA,SNTL,SNOTEL,7800,46.27368,-113.164,Granite,39,7/1/1977,1/1/2100,48.5555,10.7572,46.2468336318328,-113.138673383562,0.0369075193418193,Warm_Springs
West Branch,855,ID,IDAHO,SNTL,SNOTEL,5560,45.0722,-116.45413,Adams,3,10/1/1979,1/1/2100,149.33672,14.79859,45.0536611012862,-116.43362530137,0.0276429635066124,West_Branch
Whiskey Park,859,WY,WYOMING,SNTL,SNOTEL,9020,41.00368,-106.90795,Carbon,7,10/1/1985,1/1/2100,209.93498,14.92978,41.0196015932476,-106.921782972603,0.0210914262812459,Whiskey_Park
White Elephant,860,ID,IDAHO,SNTL,SNOTEL,7710,44.53267,-111.41085,Fremont,43,10/1/1979,1/1/2100,51.63201,15.4902,44.5423014453376,-111.397944068493,0.0161036581978845,White_Elephant
White Horse Lake,861,AZ,ARIZONA,SNTL,SNOTEL,7203,35.14189,-112.14966,Coconino,5,11/1/1970,1/1/2100,23.93273,5.22372,35.1673744196141,-112.143970917808,0.0261117080876545,White_Horse_Lake
White Pass E.S.,863,WA,WASHINGTON,SNTL,SNOTEL,4440,46.64142,-121.38153,Yakima,77,10/1/1979,1/1/2100,343.13998,7.44655,46.6445578086817,-121.407137630137,0.0257991582141064,White_Pass_E_S
Wildhorse Divide,867,ID,IDAHO,SNTL,SNOTEL,6490,42.75743,-112.47783,Bannock,5,10/1/1979,1/1/2100,48.49767,5.88269,42.7809515192926,-112.454815438356,0.0329079309209474,Wildhorse_Divide
Willow Creek,868,WY,WYOMING,SNTL,SNOTEL,8080,42.81513,-110.83515,Lincoln,23,10/1/1979,1/1/2100,79.60091,8.87969,42.8377692588424,-110.838423931507,0.0228747605112167,Willow_Creek
Willow Park,870,CO,COLORADO,SNTL,SNOTEL,10732,40.43397,-105.73588,Larimer,69,10/1/1979,1/1/2100,165.28928,7.99793,40.4514241977492,-105.740573794521,0.0180743112198895,Willow_Park
Wilson Creek,871,ID,IDAHO,SNTL,SNOTEL,7120,42.01257,-115.00278,Twin Falls,83,10/1/1989,1/1/2100,150.03506,11.11054,41.9855031655949,-115.003740506849,0.0270838715496869,Wilson_Creek
Wolf Creek,873,OR,OREGON,SNTL,SNOTEL,5630,45.06703,-118.15192,Union,61,10/1/1978,1/1/2100,344.64813,7.4791,45.0536611012862,-118.174354616438,0.0261158853485693,Wolf_Creek
Workman Creek,877,AZ,ARIZONA,SNTL,SNOTEL,7032,33.81259,-110.91852,Gila,7,12/1/1938,1/1/2100,314.05963,8.23881,33.803748670418,-110.900592835616,0.0199888051576039,Workman_Creek
